Time,Cd,Cd(f),Cd(r),Cl,Cl(f),Cl(r),CmPitch,CmRoll,CmYaw,Cs,Cs(f),Cs(r)
0.0001,1.55747184e+00,7.78508429e-01,7.78963410e-01,4.54980875e-03,2.36779366e-03,2.18201509e-03,9.28892834e-05,-2.27490437e-04,7.78735920e-02,-1.88008027e-19,7.78735920e-02,-7.78735920e-02
0.0002,1.50262164e+00,7.50779877e-01,7.51841765e-01,1.06188797e-02,5.38652380e-03,5.23235586e-03,7.70839679e-05,-5.30943983e-04,7.51310821e-02,-1.64814878e-19,7.51310821e-02,-7.51310821e-02
0.0003,1.55143880e+00,7.75218905e-01,7.76219892e-01,1.00098617e-02,5.06132780e-03,4.94853391e-03,5.63969470e-05,-5.00493085e-04,7.75719398e-02,-1.42648032e-19,7.75719398e-02,-7.75719398e-02
0.0004,1.57860693e+00,7.88995978e-01,7.89610949e-01,6.14971992e-03,3.10840309e-03,3.04131683e-03,3.35431326e-05,-3.07485996e-04,7.89303463e-02,-1.27972666e-19,7.89303463e-02,-7.89303463e-02
0.0005,1.57699336e+00,7.88328769e-01,7.88664593e-01,3.35823456e-03,1.68108703e-03,1.67714753e-03,1.96974869e-06,-1.67911728e-04,7.88496681e-02,-1.17561825e-19,7.88496681e-02,-7.88496681e-02
0.0006,1.55670156e+00,7.78097724e-01,7.78603836e-01,5.06112251e-03,2.51776465e-03,2.54335786e-03,-1.27966034e-05,-2.53056126e-04,7.78350780e-02,-1.12807725e-19,7.78350780e-02,-7.78350780e-02
0.0007,1.52772079e+00,7.63619459e-01,7.64101329e-01,4.81870211e-03,2.38934043e-03,2.42936168e-03,-2.00106271e-05,-2.40935106e-04,7.63860394e-02,-1.10187093e-19,7.63860394e-02,-7.63860394e-02
0.0008,1.49404516e+00,7.46921545e-01,7.47123618e-01,2.02073249e-03,9.99220726e-04,1.02151176e-03,-1.11455185e-05,-1.01036624e-04,7.47022582e-02,-1.07343268e-19,7.47022582e-02,-7.47022582e-02
0.0009,1.46553956e+00,7.32730877e-01,7.32808687e-01,7.78095529e-04,3.86373189e-04,3.91722340e-04,-2.67457514e-06,-3.89047765e-05,7.32769782e-02,-1.04780168e-19,7.32769782e-02,-7.32769782e-02
0.001,1.44137774e+00,7.20616740e-01,7.20761002e-01,1.44262386e-03,7.16155605e-04,7.26468256e-04,-5.15632574e-06,-7.21311930e-05,7.20688871e-02,-1.02581479e-19,7.20688871e-02,-7.20688871e-02
0.0011,1.42027439e+00,7.10069100e-01,7.10205288e-01,1.36188112e-03,6.73610395e-04,6.88270725e-04,-7.33016524e-06,-6.80940560e-05,7.10137194e-02,-1.00417828e-19,7.10137194e-02,-7.10137194e-02
0.0012,1.40064064e+00,7.00295746e-01,7.00344893e-01,4.91473814e-04,2.43661525e-04,2.47812288e-04,-2.07538145e-06,-2.45736907e-05,7.00320320e-02,-9.85182835e-20,7.00320320e-02,-7.00320320e-02
0.0013,1.38338168e+00,6.91699323e-01,6.91682361e-01,-1.69613263e-04,-7.45862296e-05,-9.50270331e-05,1.02204017e-05,8.48066314e-06,6.91690842e-02,-9.69312002e-20,6.91690842e-02,-6.91690842e-02
0.0014,1.36808868e+00,6.84116882e-01,6.83971800e-01,-1.45081689e-03,-6.93834259e-04,-7.56982633e-04,3.15741872e-05,7.25408446e-05,6.84044341e-02,-9.54081273e-20,6.84044341e-02,-6.84044341e-02
0.0015,1.35495346e+00,6.77595455e-01,6.77358001e-01,-2.37453875e-03,-1.12610722e-03,-1.24843152e-03,6.11621511e-05,1.18726937e-04,6.77476728e-02,-9.40484083e-20,6.77476728e-02,-6.77476728e-02
0.0016,1.34328371e+00,6.71822580e-01,6.71461129e-01,-3.61451762e-03,-1.70869660e-03,-1.90582101e-03,9.85622055e-05,1.80725881e-04,6.71641855e-02,-9.30148452e-20,6.71641855e-02,-6.71641855e-02
0.0017,1.33209927e+00,6.66272214e-01,6.65827055e-01,-4.45159306e-03,-2.08651570e-03,-2.36507736e-03,1.39280831e-04,2.22579653e-04,6.66049635e-02,-9.22512823e-20,6.66049635e-02,-6.66049635e-02
0.0018,1.32220797e+00,6.61348856e-01,6.60859114e-01,-4.89742429e-03,-2.26834636e-03,-2.62907792e-03,1.80365782e-04,2.44871214e-04,6.61103985e-02,-9.12954258e-20,6.61103985e-02,-6.61103985e-02
0.0019,1.31346886e+00,6.56983536e-01,6.56485323e-01,-4.98212985e-03,-2.27269729e-03,-2.70943256e-03,2.18367637e-04,2.49106493e-04,6.56734429e-02,-9.04855882e-20,6.56734429e-02,-6.56734429e-02
0.002,1.30561409e+00,6.53051225e-01,6.52562862e-01,-4.88363097e-03,-2.18807828e-03,-2.69555269e-03,2.53737203e-04,2.44181549e-04,6.52807044e-02,-8.97791200e-20,6.52807044e-02,-6.52807044e-02
0.0021,1.29849767e+00,6.49466194e-01,6.49031475e-01,-4.34718694e-03,-1.88650792e-03,-2.46067902e-03,2.87085550e-04,2.17359347e-04,6.49248835e-02,-8.91862129e-20,6.49248835e-02,-6.49248835e-02
0.0022,1.29257535e+00,6.46438792e-01,6.46136559e-01,-3.02233108e-03,-1.19256862e-03,-1.82976246e-03,3.18596922e-04,1.51116554e-04,6.46287675e-02,-8.85400940e-20,6.46287675e-02,-6.46287675e-02
0.0023,1.28678747e+00,6.43487927e-01,6.43299539e-01,-1.88387839e-03,-5.94183960e-04,-1.28969443e-03,3.47755236e-04,9.41939196e-05,6.43393733e-02,-8.79376534e-20,6.43393733e-02,-6.43393733e-02
0.0024,1.28172487e+00,6.40881072e-01,6.40843803e-01,-3.72691621e-04,1.88668023e-04,-5.61359644e-04,3.75013833e-04,1.86345810e-05,6.40862437e-02,-8.74920786e-20,6.40862437e-02,-6.40862437e-02
0.0025,1.27698451e+00,6.38425616e-01,6.38558898e-01,1.33281644e-03,1.06588664e-03,2.66929805e-04,3.99478416e-04,-6.66408221e-05,6.38492257e-02,-8.72291347e-20,6.38492257e-02,-6.38492257e-02
0.0026,1.27262276e+00,6.36151045e-01,6.36471711e-01,3.20665594e-03,2.02285785e-03,1.18379809e-03,4.19529877e-04,-1.60332797e-04,6.36311378e-02,-8.70222890e-20,6.36311378e-02,-6.36311378e-02
0.0027,1.26877008e+00,6.34133630e-01,6.34636454e-01,5.02824384e-03,2.94868771e-03,2.07955613e-03,4.34565793e-04,-2.51412192e-04,6.34385042e-02,-8.68153791e-20,6.34385042e-02,-6.34385042e-02
0.0028,1.26521250e+00,6.32274017e-01,6.32938479e-01,6.64462513e-03,3.76706633e-03,2.87755881e-03,4.44753758e-04,-3.32231257e-04,6.32606248e-02,-8.66020621e-20,6.32606248e-02,-6.32606248e-02
0.0029,1.26192969e+00,6.30559986e-01,6.31369703e-01,8.09717797e-03,4.49863995e-03,3.59853802e-03,4.50050964e-04,-4.04858898e-04,6.30964844e-02,-8.63580155e-20,6.30964844e-02,-6.30964844e-02
0.003,1.25855327e+00,6.28801588e-01,6.29751686e-01,9.50097396e-03,5.20009650e-03,4.30087745e-03,4.49609524e-04,-4.75048698e-04,6.29276637e-02,-8.61479937e-20,6.29276637e-02,-6.29276637e-02
0.0031,1.25546637e+00,6.27224931e-01,6.28241441e-01,1.01650973e-02,5.52610548e-03,4.63899182e-03,4.43556829e-04,-5.08254865e-04,6.27733186e-02,-8.58799416e-20,6.27733186e-02,-6.27733186e-02
0.0032,1.25238338e+00,6.25657004e-01,6.26726375e-01,1.06937116e-02,5.77979914e-03,4.91391250e-03,4.32943322e-04,-5.34685582e-04,6.26191689e-02,-8.56188644e-20,6.26191689e-02,-6.26191689e-02
0.0033,1.24968561e+00,6.24297298e-01,6.25388308e-01,1.09101061e-02,5.87422291e-03,5.03588322e-03,4.19169845e-04,-5.45505306e-04,6.24842803e-02,-8.53405162e-20,6.24842803e-02,-6.24842803e-02
0.0034,1.24724673e+00,6.23075512e-01,6.24171219e-01,1.09570719e-02,5.88228280e-03,5.07478909e-03,4.03746854e-04,-5.47853594e-04,6.23623365e-02,-8.50695770e-20,6.23623365e-02,-6.23623365e-02
0.0035,1.24499892e+00,6.21956497e-01,6.23042421e-01,1.08592375e-02,5.81773707e-03,5.04150048e-03,3.88118294e-04,-5.42961877e-04,6.22499459e-02,-8.48216724e-20,6.22499459e-02,-6.22499459e-02
0.0036,1.24298275e+00,6.20959544e-01,6.22023201e-01,1.06365714e-02,5.69139126e-03,4.94518010e-03,3.73105577e-04,-5.31828568e-04,6.21491373e-02,-8.45836933e-20,6.21491373e-02,-6.21491373e-02
0.0037,1.24117317e+00,6.20070749e-01,6.21102416e-01,1.03166753e-02,5.51763371e-03,4.79904155e-03,3.59296081e-04,-5.15833763e-04,6.20586583e-02,-8.43552818e-20,6.20586583e-02,-6.20586583e-02
0.0038,1.23948819e+00,6.19237625e-01,6.20250562e-01,1.01293764e-02,5.41171605e-03,4.71766038e-03,3.47027834e-04,-5.06468822e-04,6.19744094e-02,-8.41674618e-20,6.19744094e-02,-6.19744094e-02
0.0039,1.23811407e+00,6.18561544e-01,6.19552524e-01,9.90980047e-03,5.29113306e-03,4.61866741e-03,3.36232826e-04,-4.95490023e-04,6.19057034e-02,-8.39906007e-20,6.19057034e-02,-6.19057034e-02
0.004,1.23697607e+00,6.17997039e-01,6.18979033e-01,9.81993527e-03,5.23679221e-03,4.58314305e-03,3.26824579e-04,-4.90996763e-04,6.18488036e-02,-8.38566516e-20,6.18488036e-02,-6.18488036e-02
0.0041,1.23601746e+00,6.17519269e-01,6.18498189e-01,9.78919430e-03,5.21293152e-03,4.57626278e-03,3.18334372e-04,-4.89459715e-04,6.18008729e-02,-8.37382755e-20,6.18008729e-02,-6.18008729e-02
0.0042,1.23509852e+00,6.17068007e-01,6.18030512e-01,9.62505179e-03,5.12299470e-03,4.50205709e-03,3.10468805e-04,-4.81252590e-04,6.17549259e-02,-8.36056329e-20,6.17549259e-02,-6.17549259e-02
0.0043,1.23435790e+00,6.16700333e-01,6.17657568e-01,9.57235492e-03,5.08930199e-03,4.48305293e-03,3.03124531e-04,-4.78617746e-04,6.17178950e-02,-8.35080403e-20,6.17178950e-02,-6.17178950e-02
0.0044,1.23376737e+00,6.16403301e-01,6.17364068e-01,9.60766177e-03,5.09984260e-03,4.50781916e-03,2.96011722e-04,-4.80383088e-04,6.16883685e-02,-8.34335610e-20,6.16883685e-02,-6.16883685e-02
0.0045,1.23331331e+00,6.16168308e-01,6.17144999e-01,9.76691059e-03,5.17237520e-03,4.59453539e-03,2.88919909e-04,-4.88345529e-04,6.16656653e-02,-8.33829815e-20,6.16656653e-02,-6.16656653e-02
0.0046,1.23297082e+00,6.15980223e-01,6.16990595e-01,1.01037184e-02,5.33336972e-03,4.77034865e-03,2.81510535e-04,-5.05185919e-04,6.16485409e-02,-8.33665658e-20,6.16485409e-02,-6.16485409e-02
0.0047,1.23273105e+00,6.15847315e-01,6.16883735e-01,1.03642008e-02,5.45499145e-03,4.90920935e-03,2.72891051e-04,-5.18210040e-04,6.16365525e-02,-8.33460188e-20,6.16365525e-02,-6.16365525e-02
0.0048,1.23253096e+00,6.15741964e-01,6.16788992e-01,1.04702799e-02,5.49777217e-03,4.97250770e-03,2.62632236e-04,-5.23513994e-04,6.16265478e-02,-8.33326008e-20,6.16265478e-02,-6.16265478e-02
0.0049,1.23231769e+00,6.15629678e-01,6.16688009e-01,1.05833071e-02,5.54278610e-03,5.04052101e-03,2.51132545e-04,-5.29165355e-04,6.16158844e-02,-8.33323104e-20,6.16158844e-02,-6.16158844e-02
0.005,1.23213402e+00,6.15534344e-01,6.16599678e-01,1.06533425e-02,5.56503425e-03,5.08830825e-03,2.38362997e-04,-5.32667125e-04,6.16067011e-02,-8.33256882e-20,6.16067011e-02,-6.16067011e-02
0.0051,1.23108385e+00,6.15060077e-01,6.16023775e-01,9.63698475e-03,5.04286011e-03,4.59412464e-03,2.24367733e-04,-4.81849238e-04,6.15541926e-02,-8.28127387e-20,6.15541926e-02,-6.15541926e-02
0.0052,1.23166070e+00,6.15331799e-01,6.16328902e-01,9.97102884e-03,5.19524404e-03,4.77578481e-03,2.09729614e-04,-4.98551442e-04,6.15830350e-02,-8.31407825e-20,6.15830350e-02,-6.15830350e-02
0.0053,1.23194294e+00,6.15487887e-01,6.16455049e-01,9.67162409e-03,5.03086544e-03,4.64075866e-03,1.95053390e-04,-4.83581205e-04,6.15971468e-02,-8.32594812e-20,6.15971468e-02,-6.15971468e-02
0.0054,1.23202993e+00,6.15565738e-01,6.16464193e-01,8.98455060e-03,4.67356087e-03,4.31098974e-03,1.81285564e-04,-4.49227530e-04,6.16014965e-02,-8.32276031e-20,6.16014965e-02,-6.16014965e-02
0.0055,1.23204338e+00,6.15626081e-01,6.16417302e-01,7.91221531e-03,4.12569234e-03,3.78652297e-03,1.69584684e-04,-3.95610766e-04,6.16021691e-02,-8.31494247e-20,6.16021691e-02,-6.16021691e-02
0.0056,1.23198340e+00,6.15659617e-01,6.16323782e-01,6.64165309e-03,3.48203517e-03,3.15961791e-03,1.61208630e-04,-3.32082654e-04,6.15991699e-02,-8.30527474e-20,6.15991699e-02,-6.15991699e-02
0.0057,1.23191661e+00,6.15691535e-01,6.16225077e-01,5.33542127e-03,2.82500599e-03,2.51041527e-03,1.57295359e-04,-2.66771063e-04,6.15958306e-02,-8.29493315e-20,6.15958306e-02,-6.15958306e-02
0.0058,1.23186191e+00,6.15730583e-01,6.16131328e-01,4.00745229e-03,2.16263304e-03,1.84481925e-03,1.58906895e-04,-2.00372615e-04,6.15930955e-02,-8.28530641e-20,6.15930955e-02,-6.15930955e-02
0.0059,1.23180397e+00,6.15769701e-01,6.16034265e-01,2.64563905e-03,1.48958673e-03,1.15605232e-03,1.66767202e-04,-1.32281952e-04,6.15901983e-02,-8.27542057e-20,6.15901983e-02,-6.15901983e-02
0.006,1.23181657e+00,6.15825518e-01,6.15991053e-01,1.65535005e-03,1.00860085e-03,6.46749198e-04,1.80925828e-04,-8.27675026e-05,6.15908285e-02,-8.26954196e-20,6.15908285e-02,-6.15908285e-02
0.0061,1.23177787e+00,6.15832233e-01,6.15945639e-01,1.13406114e-03,7.68297369e-04,3.65763768e-04,2.01266801e-04,-5.67030569e-05,6.15888936e-02,-8.26798018e-20,6.15888936e-02,-6.15888936e-02
0.0062,1.23170056e+00,6.15801663e-01,6.15898902e-01,9.72390349e-04,7.12920675e-04,2.59469674e-04,2.26725501e-04,-4.86195174e-05,6.15850282e-02,-8.26912589e-20,6.15850282e-02,-6.15850282e-02
0.0063,1.23164956e+00,6.15761942e-01,6.15887616e-01,1.25673220e-03,8.83956736e-04,3.72775463e-04,2.55590637e-04,-6.28366099e-05,6.15824779e-02,-8.27416958e-20,6.15824779e-02,-6.15824779e-02
0.0064,1.23159011e+00,6.15686541e-01,6.15903571e-01,2.17030230e-03,1.37143863e-03,7.98863669e-04,2.86287482e-04,-1.08515115e-04,6.15795056e-02,-8.28666769e-20,6.15795056e-02,-6.15795056e-02
0.0065,1.23145635e+00,6.15549689e-01,6.15906664e-01,3.56974940e-03,2.10179455e-03,1.46795485e-03,3.16919849e-04,-1.78487470e-04,6.15728177e-02,-8.29980506e-20,6.15728177e-02,-6.15728177e-02
0.0066,1.23131875e+00,6.15386239e-01,6.15932508e-01,5.46268969e-03,3.07602489e-03,2.38666480e-03,3.44680047e-04,-2.73134484e-04,6.15659374e-02,-8.31908121e-20,6.15659374e-02,-6.15659374e-02
0.0067,1.23113814e+00,6.15175332e-01,6.15962807e-01,7.87475039e-03,4.30426126e-03,3.57048914e-03,3.66886059e-04,-3.93737520e-04,6.15569069e-02,-8.34101210e-20,6.15569069e-02,-6.15569069e-02
0.0068,1.23090968e+00,6.14925485e-01,6.15984190e-01,1.05870576e-02,5.67443298e-03,4.91262461e-03,3.80904183e-04,-5.29352879e-04,6.15454838e-02,-8.36247780e-20,6.15454838e-02,-6.15454838e-02
0.0069,1.23062274e+00,6.14629306e-01,6.15993435e-01,1.36412874e-02,7.20488276e-03,6.43640463e-03,3.84239067e-04,-6.82064369e-04,6.15311371e-02,-8.38800384e-20,6.15311371e-02,-6.15311371e-02
0.007,1.23021799e+00,6.14289532e-01,6.15928462e-01,1.63892968e-02,8.56957116e-03,7.81972565e-03,3.74922757e-04,-8.19464840e-04,6.15108997e-02,-8.40798020e-20,6.15108997e-02,-6.15108997e-02
0.0071,1.22996625e+00,6.14054517e-01,6.15911728e-01,1.85721107e-02,9.63891131e-03,8.93319939e-03,3.52855964e-04,-9.28605535e-04,6.14983123e-02,-8.42019865e-20,6.14983123e-02,-6.14983123e-02
0.0072,1.22969215e+00,6.13830346e-01,6.15861808e-01,2.03146149e-02,1.04748698e-02,9.83974505e-03,3.17562386e-04,-1.01573074e-03,6.14846077e-02,-8.42657296e-20,6.14846077e-02,-6.14846077e-02
0.0073,1.22946376e+00,6.13678919e-01,6.15784846e-01,2.10592710e-02,1.08006938e-02,1.02585773e-02,2.71058245e-04,-1.05296355e-03,6.14731882e-02,-8.42410772e-20,6.14731882e-02,-6.14731882e-02
0.0074,1.22908002e+00,6.13520556e-01,6.15559460e-01,2.03890446e-02,1.04106258e-02,9.97841885e-03,2.16103464e-04,-1.01945223e-03,6.14540008e-02,-8.41042175e-20,6.14540008e-02,-6.14540008e-02
0.0075,1.22871805e+00,6.13439663e-01,6.15278389e-01,1.83872603e-02,9.35000484e-03,9.03725548e-03,1.56374675e-04,-9.19363016e-04,6.14359026e-02,-8.38493508e-20,6.14359026e-02,-6.14359026e-02
0.0076,1.22829172e+00,6.13373518e-01,6.14918202e-01,1.54468409e-02,7.82108958e-03,7.62575128e-03,9.76691471e-05,-7.72342043e-04,6.14145860e-02,-8.34983254e-20,6.14145860e-02,-6.14145860e-02
0.0077,1.22774860e+00,6.13306809e-01,6.14441795e-01,1.13498633e-02,5.72049989e-03,5.62936339e-03,4.55682522e-05,-5.67493164e-04,6.13874302e-02,-8.30441092e-20,6.13874302e-02,-6.13874302e-02
0.0078,1.22749452e+00,6.13420929e-01,6.14073590e-01,6.52661730e-03,3.26925392e-03,3.25736338e-03,5.94526678e-06,-3.26330865e-04,6.13747260e-02,-8.25526298e-20,6.13747260e-02,-6.13747260e-02
0.0079,1.22700386e+00,6.13435788e-01,6.13568069e-01,1.32280975e-03,6.45311019e-04,6.77498733e-04,-1.60938572e-05,-6.61404876e-05,6.13501929e-02,-8.20290987e-20,6.13501929e-02,-6.13501929e-02
0.008,1.22640908e+00,6.13412254e-01,6.12996825e-01,-4.15428586e-03,-2.09373474e-03,-2.06055112e-03,-1.65918106e-05,2.07714293e-04,6.13204540e-02,-8.13487000e-20,6.13204540e-02,-6.13204540e-02
0.0081,1.22597105e+00,6.13450817e-01,6.12520237e-01,-9.30580565e-03,-4.64629401e-03,-4.65951164e-03,6.60881631e-06,4.65290283e-04,6.12985527e-02,-8.08046311e-20,6.12985527e-02,-6.12985527e-02
0.0082,1.22567503e+00,6.13514141e-01,6.12160892e-01,-1.35324809e-02,-6.71204386e-03,-6.82043707e-03,5.41966061e-05,6.76624047e-04,6.12837516e-02,-8.03766321e-20,6.12837516e-02,-6.12837516e-02
0.0083,1.22555672e+00,6.13570671e-01,6.11986050e-01,-1.58462152e-02,-7.79817613e-03,-8.04803912e-03,1.24931494e-04,7.92310762e-04,6.12778361e-02,-8.01870907e-20,6.12778361e-02,-6.12778361e-02
0.0084,1.22510819e+00,6.13366674e-01,6.11741518e-01,-1.62515621e-02,-7.91187096e-03,-8.33969115e-03,2.13910097e-04,8.12578106e-04,6.12554096e-02,-8.01086203e-20,6.12554096e-02,-6.12554096e-02
0.0085,1.22497761e+00,6.13210155e-01,6.11767457e-01,-1.44269776e-02,-6.89776405e-03,-7.52921351e-03,3.15724731e-04,7.21348878e-04,6.12488806e-02,-8.02566082e-20,6.12488806e-02,-6.12488806e-02
0.0086,1.22469889e+00,6.12828680e-01,6.11870205e-01,-9.58475171e-03,-4.37063121e-03,-5.21412050e-03,4.21744646e-04,4.79237585e-04,6.12349443e-02,-8.05794293e-20,6.12349443e-02,-6.12349443e-02
0.0087,1.22466144e+00,6.12491360e-01,6.12170084e-01,-3.21276756e-03,-1.08217728e-03,-2.13059029e-03,5.24206503e-04,1.60638378e-04,6.12330722e-02,-8.12076761e-20,6.12330722e-02,-6.12330722e-02
0.0088,1.22425151e+00,6.11876219e-01,6.12375296e-01,4.99077481e-03,3.10727295e-03,1.88350186e-03,6.11885544e-04,-2.49538741e-04,6.12125757e-02,-8.20736758e-20,6.12125757e-02,-6.12125757e-02
0.0089,1.22390886e+00,6.11220089e-01,6.12688770e-01,1.46868092e-02,8.01727855e-03,6.66953065e-03,6.73873951e-04,-7.34340460e-04,6.11954429e-02,-8.29376516e-20,6.11954429e-02,-6.11954429e-02
0.009,1.22375199e+00,6.10657483e-01,6.13094510e-01,2.43702709e-02,1.28862113e-02,1.14840597e-02,7.01075795e-04,-1.21851355e-03,6.11875996e-02,-8.37285019e-20,6.11875996e-02,-6.11875996e-02
0.0091,1.22392341e+00,6.10275774e-01,6.13647636e-01,3.37186162e-02,1.75461308e-02,1.61724853e-02,6.86822743e-04,-1.68593081e-03,6.11961705e-02,-8.41963614e-20,6.11961705e-02,-6.11961705e-02
0.0092,1.22415777e+00,6.09992130e-01,6.14165639e-01,4.17350936e-02,2.14948664e-02,2.02402272e-02,6.27319613e-04,-2.08675468e-03,6.12078885e-02,-8.51793410e-20,6.12078885e-02,-6.12078885e-02
0.0093,1.22417747e+00,6.09747895e-01,6.14429577e-01,4.68168289e-02,2.39327773e-02,2.28840515e-02,5.24362906e-04,-2.34084144e-03,6.12088736e-02,-8.51285551e-20,6.12088736e-02,-6.12088736e-02
0.0094,1.22413272e+00,6.09661362e-01,6.14471354e-01,4.80999255e-02,2.44340224e-02,2.36659031e-02,3.84059604e-04,-2.40499627e-03,6.12066358e-02,-8.48201328e-20,6.12066358e-02,-6.12066358e-02
0.0095,1.22435825e+00,6.09886691e-01,6.14471558e-01,4.58486694e-02,2.31427947e-02,2.27058748e-02,2.18459932e-04,-2.29243347e-03,6.12179124e-02,-8.45068799e-20,6.12179124e-02,-6.12179124e-02
0.0096,1.22455894e+00,6.10309267e-01,6.14249668e-01,3.94040132e-02,1.97407326e-02,1.96632807e-02,3.87259359e-05,-1.97020066e-03,6.12279468e-02,-8.43781422e-20,6.12279468e-02,-6.12279468e-02
0.0097,1.22454474e+00,6.10814226e-01,6.13730512e-01,2.91628550e-02,1.44426122e-02,1.47202428e-02,-1.38815314e-04,-1.45814275e-03,6.12272369e-02,-8.29537268e-20,6.12272369e-02,-6.12272369e-02
0.0098,1.22519133e+00,6.11820696e-01,6.13370635e-01,1.54993958e-02,7.45381195e-03,8.04558386e-03,-2.95885954e-04,-7.74969791e-04,6.12595665e-02,-8.18422577e-20,6.12595665e-02,-6.12595665e-02
0.0099,1.22584550e+00,6.12902858e-01,6.12942638e-01,3.97801367e-04,-2.15794228e-04,6.13595595e-04,-4.14694911e-04,-1.98900684e-05,6.12922748e-02,-8.03549538e-20,6.12922748e-02,-6.12922748e-02
0.01,1.22683985e+00,6.14261266e-01,6.12578583e-01,-1.68268311e-02,-8.89384846e-03,-7.93298265e-03,-4.80432907e-04,8.41341555e-04,6.13419925e-02,-7.86329613e-20,6.13419925e-02,-6.13419925e-02
0.0101,1.22833899e+00,6.15852043e-01,6.12486945e-01,-3.36509841e-02,-1.73057977e-02,-1.63451865e-02,-4.80305596e-04,1.68254921e-03,6.14169494e-02,-7.77125313e-20,6.14169494e-02,-6.14169494e-02
0.0102,1.22982645e+00,6.17262140e-01,6.12564308e-01,-4.69783192e-02,-2.38949506e-02,-2.30833686e-02,-4.05790969e-04,2.34891596e-03,6.14913224e-02,-7.60303268e-20,6.14913224e-02,-6.14913224e-02
0.0103,1.23164004e+00,6.18600934e-01,6.13039104e-01,-5.56182903e-02,-2.80667956e-02,-2.75514947e-02,-2.57650471e-04,2.78091451e-03,6.15820019e-02,-7.55289259e-20,6.15820019e-02,-6.15820019e-02
0.0104,1.23375947e+00,6.19782305e-01,6.13977161e-01,-5.80514397e-02,-2.90697609e-02,-2.89816788e-02,-4.40410913e-05,2.90257199e-03,6.16879733e-02,-7.58612053e-20,6.16879733e-02,-6.16879733e-02
0.0105,1.23598650e+00,6.20700427e-01,6.15286072e-01,-5.41435488e-02,-2.68512194e-02,-2.72923294e-02,2.20554978e-04,2.70717744e-03,6.17993250e-02,-7.63235874e-20,6.17993250e-02,-6.17993250e-02
0.0106,1.23838616e+00,6.21401662e-01,6.16984495e-01,-4.41716653e-02,-2.15726728e-02,-2.25989925e-02,5.13159854e-04,2.20858327e-03,6.19193079e-02,-7.72913740e-20,6.19193079e-02,-6.19193079e-02
0.0107,1.24015218e+00,6.21474869e-01,6.18677315e-01,-2.79755426e-02,-1.31832011e-02,-1.47923415e-02,8.04570204e-04,1.39877713e-03,6.20076092e-02,-7.96515923e-20,6.20076092e-02,-6.20076092e-02
0.0108,1.24215814e+00,6.21404816e-01,6.20753326e-01,-6.51489738e-03,-2.19510367e-03,-4.31979371e-03,1.06234502e-03,3.25744869e-04,6.21079071e-02,-8.20965984e-20,6.21079071e-02,-6.21079071e-02
0.0109,1.24452495e+00,6.21325432e-01,6.23199518e-01,1.87408572e-02,1.06284810e-02,8.11237627e-03,1.25805234e-03,-9.37042862e-04,6.22262475e-02,-8.52890970e-20,6.22262475e-02,-6.22262475e-02
0.011,1.24864036e+00,6.22084713e-01,6.26555652e-01,4.47093970e-02,2.37209517e-02,2.09884453e-02,1.36625323e-03,-2.23546985e-03,6.24320182e-02,-8.82906334e-20,6.24320182e-02,-6.24320182e-02
0.0111,1.25253770e+00,6.22829994e-01,6.29707711e-01,6.87771735e-02,3.57561985e-02,3.30209750e-02,1.36761172e-03,-3.43885868e-03,6.26268852e-02,-9.06781871e-20,6.26268852e-02,-6.26268852e-02
0.0112,1.25623326e+00,6.23724279e-01,6.32508983e-01,8.78470409e-02,4.51756945e-02,4.26713464e-02,1.25217404e-03,-4.39235204e-03,6.28116631e-02,-9.19950518e-20,6.28116631e-02,-6.28116631e-02
0.0113,1.25998145e+00,6.25028441e-01,6.34953005e-01,9.92456346e-02,5.06408123e-02,4.86048224e-02,1.01799496e-03,-4.96228173e-03,6.29990723e-02,-9.24244326e-20,6.29990723e-02,-6.29990723e-02
0.0114,1.26374052e+00,6.26808354e-01,6.36932161e-01,1.01238066e-01,5.12978702e-02,4.99401958e-02,6.78837182e-04,-5.06190330e-03,6.31870258e-02,-9.21805094e-20,6.31870258e-02,-6.31870258e-02
0.0115,1.26700648e+00,6.28807386e-01,6.38199095e-01,9.39170933e-02,4.72242760e-02,4.66928173e-02,2.65729350e-04,-4.69585466e-03,6.33503240e-02,-9.07497047e-20,6.33503240e-02,-6.33503240e-02
0.0116,1.27051052e+00,6.31438613e-01,6.39071908e-01,7.63329456e-02,3.79854537e-02,3.83474919e-02,-1.81019067e-04,-3.81664728e-03,6.35255260e-02,-8.86216896e-20,6.35255260e-02,-6.35255260e-02
0.0117,1.27377984e+00,6.34410092e-01,6.39369751e-01,4.95965931e-02,2.41840396e-02,2.54125536e-02,-6.14256992e-04,-2.47982966e-03,6.36889922e-02,-8.50412852e-20,6.36889922e-02,-6.36889922e-02
0.0118,1.27611581e+00,6.37275167e-01,6.38840642e-01,1.56547552e-02,6.84120097e-03,8.81355424e-03,-9.86176634e-04,-7.82737761e-04,6.38057905e-02,-8.22541908e-20,6.38057905e-02,-6.38057905e-02
0.0119,1.27991524e+00,6.41095921e-01,6.38819320e-01,-2.27660094e-02,-1.26386183e-02,-1.01273911e-02,-1.25561361e-03,1.13830047e-03,6.39957620e-02,-7.87897637e-20,6.39957620e-02,-6.39957620e-02
0.012,1.28422163e+00,6.45177817e-01,6.39043814e-01,-6.13400345e-02,-3.20533505e-02,-2.92866840e-02,-1.38333328e-03,3.06700172e-03,6.42110815e-02,-7.54081493e-20,6.42110815e-02,-6.42110815e-02
0.0121,1.28904732e+00,6.49209671e-01,6.39837646e-01,-9.37202515e-02,-4.81939302e-02,-4.55263214e-02,-1.33380439e-03,4.68601258e-03,6.44523658e-02,-7.16666273e-20,6.44523658e-02,-6.44523658e-02
0.0122,1.29383547e+00,6.52684913e-01,6.41150556e-01,-1.15343568e-01,-5.87639778e-02,-5.65795899e-02,-1.09219393e-03,5.76717838e-03,6.46917734e-02,-7.04075425e-20,6.46917734e-02,-6.46917734e-02
0.0123,1.29769721e+00,6.55068467e-01,6.42628739e-01,-1.24397279e-01,-6.28710923e-02,-6.15261867e-02,-6.72452768e-04,6.21986395e-03,6.48848603e-02,-7.02120346e-20,6.48848603e-02,-6.48848603e-02
0.0124,1.30142270e+00,6.56616468e-01,6.44806230e-01,-1.18102375e-01,-5.91685273e-02,-5.89338480e-02,-1.17339681e-04,5.90511877e-03,6.50711349e-02,-7.24597074e-20,6.50711349e-02,-6.50711349e-02
0.0125,1.30472166e+00,6.57222228e-01,6.47499431e-01,-9.72279756e-02,-4.81054054e-02,-4.91225702e-02,5.08582409e-04,4.86139878e-03,6.52360829e-02,-7.76785176e-20,6.52360829e-02,-6.52360829e-02
0.0126,1.30706403e+00,6.56654847e-01,6.50409182e-01,-6.24566507e-02,-3.00999659e-02,-3.23566847e-02,1.12835940e-03,3.12283253e-03,6.53532014e-02,-8.25432787e-20,6.53532014e-02,-6.53532014e-02
0.0127,1.31005025e+00,6.55800895e-01,6.54249350e-01,-1.55154460e-02,-6.08808604e-03,-9.42735996e-03,1.66963696e-03,7.75772300e-04,6.55025123e-02,-8.75539349e-20,6.55025123e-02,-6.55025123e-02
0.0128,1.31234676e+00,6.54299146e-01,6.58047618e-01,3.74847218e-02,2.08116696e-02,1.66730522e-02,2.06930873e-03,-1.87423609e-03,6.56173382e-02,-9.31629840e-20,6.56173382e-02,-6.56173382e-02
0.0129,1.31577012e+00,6.53402466e-01,6.62367652e-01,8.96518576e-02,4.71038578e-02,4.25479998e-02,2.27792900e-03,-4.48259288e-03,6.57885059e-02,-9.83730045e-20,6.57885059e-02,-6.57885059e-02
0.013,1.32121779e+00,6.53932063e-01,6.67285732e-01,1.33536690e-01,6.90180867e-02,6.45186035e-02,2.24974162e-03,-6.67683451e-03,6.60608897e-02,-1.02512386e-19,6.60608897e-02,-6.60608897e-02
0.0131,1.32645424e+00,6.55116304e-01,6.71337931e-01,1.62216273e-01,8.30589556e-02,7.91573169e-02,1.95081932e-03,-8.11081363e-03,6.63227118e-02,-1.04861979e-19,6.63227118e-02,-6.63227118e-02
0.0132,1.33038989e+00,6.56575070e-01,6.73814817e-01,1.72397479e-01,8.75975022e-02,8.47999767e-02,1.39876279e-03,-8.61987394e-03,6.65194943e-02,-1.04748108e-19,6.65194943e-02,-6.65194943e-02
0.0133,1.33418757e+00,6.58977103e-01,6.75210463e-01,1.62333607e-01,8.18285419e-02,8.05050648e-02,6.61738540e-04,-8.11668034e-03,6.67093783e-02,-1.02055321e-19,6.67093783e-02,-6.67093783e-02
0.0134,1.33622873e+00,6.61452337e-01,6.74776394e-01,1.33240566e-01,6.64666254e-02,6.67739410e-02,-1.53657793e-04,-6.66202832e-03,6.68114366e-02,-9.86622363e-20,6.68114366e-02,-6.68114366e-02
0.0135,1.33717001e+00,6.64213190e-01,6.72956824e-01,8.74363457e-02,4.27666537e-02,4.46696920e-02,-9.51519172e-04,-4.37181729e-03,6.68585007e-02,-9.32563547e-20,6.68585007e-02,-6.68585007e-02
0.0136,1.33700748e+00,6.67133925e-01,6.69873558e-01,2.73963245e-02,1.20636680e-02,1.53326564e-02,-1.63449421e-03,-1.36981622e-03,6.68503741e-02,-8.64551748e-20,6.68503741e-02,-6.68503741e-02
0.0137,1.33839027e+00,6.71201705e-01,6.67188568e-01,-4.01313746e-02,-2.22001619e-02,-1.79312126e-02,-2.13447467e-03,2.00656873e-03,6.69195136e-02,-8.01108469e-20,6.69195136e-02,-6.69195136e-02
0.0138,1.34125650e+00,6.75877505e-01,6.65378992e-01,-1.04985137e-01,-5.48754718e-02,-5.01096652e-02,-2.38290329e-03,5.24925685e-03,6.70628248e-02,-7.39616874e-20,6.70628248e-02,-6.70628248e-02
0.0139,1.34539105e+00,6.80517838e-01,6.64873207e-01,-1.56446307e-01,-8.05224125e-02,-7.59238948e-02,-2.29925887e-03,7.82231536e-03,6.72695523e-02,-6.95603777e-20,6.72695523e-02,-6.72695523e-02
0.014,1.35007842e+00,6.84394192e-01,6.65684229e-01,-1.87099630e-01,-9.54110556e-02,-9.16885748e-02,-1.86124038e-03,9.35498152e-03,6.75039210e-02,-6.78804998e-20,6.75039210e-02,-6.75039210e-02
0.0141,1.35440427e+00,6.86905545e-01,6.67498725e-01,-1.94068203e-01,-9.81617048e-02,-9.59064987e-02,-1.12760306e-03,9.70341017e-03,6.77202135e-02,-6.94300109e-20,6.77202135e-02,-6.77202135e-02
0.0142,1.35671047e+00,6.87107545e-01,6.69602928e-01,-1.75046175e-01,-8.77256698e-02,-8.73205050e-02,-2.02582404e-04,8.75230874e-03,6.78355236e-02,-7.25401023e-20,6.78355236e-02,-6.78355236e-02
0.0143,1.35830577e+00,6.85788694e-01,6.72517072e-01,-1.32716224e-01,-6.55701960e-02,-6.71460283e-02,7.87916194e-04,6.63581121e-03,6.79152883e-02,-7.75798568e-20,6.79152883e-02,-6.79152883e-02
0.0144,1.35716981e+00,6.82113912e-01,6.75055902e-01,-7.05801025e-02,-3.35713298e-02,-3.70087727e-02,1.71872147e-03,3.52900512e-03,6.78584907e-02,-8.51027160e-20,6.78584907e-02,-6.78584907e-02
0.0145,1.35657109e+00,6.77979168e-01,6.78591925e-01,6.12756538e-03,5.54874024e-03,5.78825137e-04,2.48495755e-03,-3.06378269e-04,6.78285547e-02,-9.34661554e-20,6.78285547e-02,-6.78285547e-02
0.0146,1.35824307e+00,6.74786889e-01,6.83456177e-01,8.66928889e-02,4.63476856e-02,4.03452033e-02,3.00124114e-03,-4.33464444e-03,6.79121533e-02,-1.01140052e-19,6.79121533e-02,-6.79121533e-02
0.0147,1.36063845e+00,6.72409091e-01,6.88229358e-01,1.58202677e-01,8.22854074e-02,7.59172692e-02,3.18406910e-03,-7.91013383e-03,6.80319225e-02,-1.07466964e-19,6.80319225e-02,-6.80319225e-02
0.0148,1.36560846e+00,6.72331514e-01,6.93276951e-01,2.09454376e-01,1.07679454e-01,1.01774922e-01,2.95226636e-03,-1.04727188e-02,6.82804232e-02,-1.11122163e-19,6.82804232e-02,-6.82804232e-02
0.0149,1.37168811e+00,6.74120292e-01,6.97567822e-01,2.34475300e-01,1.19544361e-01,1.14930938e-01,2.30671141e-03,-1.17237650e-02,6.85844057e-02,-1.12304274e-19,6.85844057e-02,-6.85844057e-02
0.015,1.37487005e+00,6.75922643e-01,6.98947407e-01,2.30247646e-01,1.16470848e-01,1.13776798e-01,1.34702471e-03,-1.15123823e-02,6.87435025e-02,-1.09865135e-19,6.87435025e-02,-6.87435025e-02
0.0151,1.37673690e+00,6.78570295e-01,6.98166605e-01,1.95963103e-01,9.82030047e-02,9.77600981e-02,2.21453300e-04,-9.79815514e-03,6.88368450e-02,-1.05792595e-19,6.88368450e-02,-6.88368450e-02
0.0152,1.37549152e+00,6.80884511e-01,6.94607009e-01,1.37224986e-01,6.76919583e-02,6.95330274e-02,-9.20534525e-04,-6.86124928e-03,6.87745760e-02,-1.00191083e-19,6.87745760e-02,-6.87745760e-02
0.0153,1.37191560e+00,6.82967288e-01,6.88948317e-01,5.98102889e-02,2.79714569e-02,3.18388320e-02,-1.93368754e-03,-2.99051444e-03,6.85957802e-02,-9.19740770e-20,6.85957802e-02,-6.85957802e-02
0.0154,1.37058476e+00,6.86771375e-01,6.83813387e-01,-2.95798767e-02,-1.74978693e-02,-1.20820074e-02,-2.70793092e-03,1.47899384e-03,6.85292381e-02,-8.21503998e-20,6.85292381e-02,-6.85292381e-02
0.0155,1.37216609e+00,6.91948762e-01,6.80217330e-01,-1.17314314e-01,-6.18207656e-02,-5.54935481e-02,-3.16360875e-03,5.86571569e-03,6.86083046e-02,-7.34807986e-20,6.86083046e-02,-6.86083046e-02
0.0156,1.37585279e+00,6.97398265e-01,6.78454525e-01,-1.89437397e-01,-9.79019970e-02,-9.15354003e-02,-3.18329838e-03,9.47186987e-03,6.87926395e-02,-6.56583907e-20,6.87926395e-02,-6.87926395e-02
0.0157,1.38057868e+00,7.02058329e-01,6.78520353e-01,-2.35379756e-01,-1.20404341e-01,-1.14975415e-01,-2.71446283e-03,1.17689878e-02,6.90289341e-02,-6.18861207e-20,6.90289341e-02,-6.90289341e-02
0.0158,1.38570752e+00,7.05307475e-01,6.80400041e-01,-2.49074337e-01,-1.26363557e-01,-1.22710780e-01,-1.82638875e-03,1.24537169e-02,6.92853758e-02,-6.44563753e-20,6.92853758e-02,-6.92853758e-02
0.0159,1.38865468e+00,7.05789406e-01,6.82865272e-01,-2.29241340e-01,-1.15280984e-01,-1.13960356e-01,-6.60314135e-04,1.14620670e-02,6.94327339e-02,-6.78011460e-20,6.94327339e-02,-6.94327339e-02
0.016,1.38812285e+00,7.02952473e-01,6.85170376e-01,-1.77820973e-01,-8.83037844e-02,-8.95171885e-02,6.06702072e-04,8.89104865e-03,6.94061424e-02,-7.40854429e-20,6.94061424e-02,-6.94061424e-02
0.0161,1.38511406e+00,6.97655481e-01,6.87458578e-01,-1.01969025e-01,-4.91762791e-02,-5.27927459e-02,1.80823339e-03,5.09845125e-03,6.92557030e-02,-8.22136995e-20,6.92557030e-02,-6.92557030e-02
0.0162,1.38207771e+00,6.91413784e-01,6.90663930e-01,-7.49854173e-03,-9.36817488e-04,-6.56172424e-03,2.81245338e-03,3.74927086e-04,6.91038857e-02,-9.35916561e-20,6.91038857e-02,-6.91038857e-02
0.0163,1.38225199e+00,6.86467198e-01,6.95784788e-01,9.31759053e-02,5.01098897e-02,4.30660156e-02,3.52193707e-03,-4.65879527e-03,6.91125993e-02,-1.03308161e-19,6.91125993e-02,-6.91125993e-02
0.0164,1.38471489e+00,6.83228446e-01,7.01486441e-01,1.82579956e-01,9.51188817e-02,8.74610738e-02,3.82890396e-03,-9.12899778e-03,6.92357444e-02,-1.11278426e-19,6.92357444e-02,-6.92357444e-02
0.0165,1.38935471e+00,6.82355158e-01,7.06999549e-01,2.46443901e-01,1.26835985e-01,1.19607916e-01,3.61403419e-03,-1.23221951e-02,6.94677354e-02,-1.16221594e-19,6.94677354e-02,-6.94677354e-02
0.0166,1.39629637e+00,6.84262041e-01,7.12034332e-01,2.77722912e-01,1.41732193e-01,1.35990719e-01,2.87073699e-03,-1.38861456e-02,6.98148187e-02,-1.16842141e-19,6.98148187e-02,-6.98148187e-02
0.0167,1.40003025e+00,6.86356347e-01,7.13673905e-01,2.73175580e-01,1.38321692e-01,1.34853888e-01,1.73390174e-03,-1.36587790e-02,7.00015126e-02,-1.13825932e-19,7.00015126e-02,-7.00015126e-02
0.0168,1.40095780e+00,6.88823223e-01,7.12134580e-01,2.33113570e-01,1.16937712e-01,1.16175859e-01,3.80926589e-04,-1.16556785e-02,7.00478901e-02,-1.09357128e-19,7.00478901e-02,-7.00478901e-02
0.0169,1.39830846e+00,6.91013547e-01,7.07294911e-01,1.62813645e-01,8.04118688e-02,8.24017764e-02,-9.94953842e-04,-8.14068226e-03,6.99154229e-02,-1.02825016e-19,6.99154229e-02,-6.99154229e-02
0.017,1.39232574e+00,6.92589715e-01,6.99736022e-01,7.14630645e-02,3.35193124e-02,3.79437521e-02,-2.21221986e-03,-3.57315322e-03,6.96162869e-02,-9.38959229e-20,6.96162869e-02,-6.96162869e-02
0.0171,1.38887233e+00,6.96093949e-01,6.92778378e-01,-3.31557129e-02,-1.97218459e-02,-1.34338670e-02,-3.14398946e-03,1.65778565e-03,6.94436164e-02,-8.24231440e-20,6.94436164e-02,-6.94436164e-02
0.0172,1.39023578e+00,7.01857446e-01,6.88378336e-01,-1.34791107e-01,-7.10900322e-02,-6.37010746e-02,-3.69447878e-03,6.73955534e-03,6.95117891e-02,-7.22536066e-20,6.95117891e-02,-6.95117891e-02
0.0173,1.39367583e+00,7.07708966e-01,6.85966868e-01,-2.17420979e-01,-1.12437219e-01,-1.04983759e-01,-3.72672990e-03,1.08710489e-02,6.96837917e-02,-6.49583276e-20,6.96837917e-02,-6.96837917e-02
0.0174,1.39930389e+00,7.13113864e-01,6.86190024e-01,-2.69238404e-01,-1.37807074e-01,-1.31431330e-01,-3.18787179e-03,1.34619202e-02,6.99651944e-02,-6.10919813e-20,6.99651944e-02,-6.99651944e-02
0.0175,1.40477545e+00,7.16544238e-01,6.88231214e-01,-2.83130243e-01,-1.43732673e-01,-1.39397569e-01,-2.16755200e-03,1.41565121e-02,7.02387726e-02,-6.22561004e-20,7.02387726e-02,-7.02387726e-02
0.0176,1.40707369e+00,7.16426564e-01,6.90647122e-01,-2.57794416e-01,-1.29728718e-01,-1.28065699e-01,-8.31509577e-04,1.28897208e-02,7.03536843e-02,-6.66353975e-20,7.03536843e-02,-7.03536843e-02
0.0177,1.40476268e+00,7.12288915e-01,6.92473768e-01,-1.98151473e-01,-9.84650469e-02,-9.96864259e-02,6.10689526e-04,9.90757364e-03,7.02381341e-02,-7.36027732e-20,7.02381341e-02,-7.02381341e-02
0.0178,1.40048040e+00,7.05790913e-01,6.94689488e-01,-1.11014246e-01,-5.35422866e-02,-5.74719595e-02,1.96483645e-03,5.55071231e-03,7.00240200e-02,-8.26222345e-20,7.00240200e-02,-7.00240200e-02
0.0179,1.39568892e+00,6.98052223e-01,6.97636695e-01,-4.15527938e-03,1.01313230e-03,-5.16841168e-03,3.09077199e-03,2.07763969e-04,6.97844459e-02,-9.53554909e-20,6.97844459e-02,-6.97844459e-02
0.018,1.39601196e+00,6.92621540e-01,7.03390421e-01,1.07688810e-01,5.77228506e-02,4.99659589e-02,3.87844585e-03,-5.38444048e-03,6.98005980e-02,-1.05410339e-19,6.98005980e-02,-6.98005980e-02
0.0181,1.39805549e+00,6.88752528e-01,7.09302963e-01,2.05504342e-01,1.06955977e-01,9.85483650e-02,4.20380580e-03,-1.02752171e-02,6.99027745e-02,-1.14555209e-19,6.99027745e-02,-6.99027745e-02
0.0182,1.40353736e+00,6.88114929e-01,7.15422431e-01,2.73075023e-01,1.40476445e-01,1.32598578e-01,3.93893345e-03,-1.36537512e-02,7.01768680e-02,-1.19785898e-19,7.01768680e-02,-7.01768680e-02
0.0183,1.41037750e+00,6.89991628e-01,7.20385874e-01,3.03942458e-01,1.55062826e-01,1.48879632e-01,3.09159703e-03,-1.51971229e-02,7.05188751e-02,-1.20477874e-19,7.05188751e-02,-7.05188751e-02
0.0184,1.41408730e+00,6.92293959e-01,7.21793337e-01,2.94993777e-01,1.49318100e-01,1.45675678e-01,1.82121083e-03,-1.47496889e-02,7.07043648e-02,-1.18178653e-19,7.07043648e-02,-7.07043648e-02
0.0185,1.41374991e+00,6.94511811e-01,7.19238094e-01,2.47262839e-01,1.23955648e-01,1.23307191e-01,3.24228282e-04,-1.23631419e-02,7.06874953e-02,-1.12531891e-19,7.06874953e-02,-7.06874953e-02
0.0186,1.41000351e+00,6.96625526e-01,7.13377985e-01,1.67524594e-01,8.25859332e-02,8.49386609e-02,-1.17636385e-03,-8.37622971e-03,7.05001756e-02,-1.04477236e-19,7.05001756e-02,-7.05001756e-02
0.0187,1.40261880e+00,6.97989160e-01,7.04629639e-01,6.64047900e-02,3.07199366e-02,3.56848534e-02,-2.48245838e-03,-3.32023950e-03,7.01309399e-02,-9.43488914e-20,7.01309399e-02,-7.01309399e-02
0.0188,1.39851571e+00,7.01609891e-01,6.96905821e-01,-4.70406970e-02,-2.69859645e-02,-2.00547325e-02,-3.46561598e-03,2.35203485e-03,6.99257856e-02,-8.20384134e-20,6.99257856e-02,-6.99257856e-02
0.0189,1.39993285e+00,7.07707042e-01,6.92225807e-01,-1.54812342e-01,-8.14221942e-02,-7.33901476e-02,-4.01602331e-03,7.74061709e-03,6.99966425e-02,-7.06420533e-20,6.99966425e-02,-6.99966425e-02
0.019,1.40380724e+00,7.13902823e-01,6.89904419e-01,-2.39984042e-01,-1.23983704e-01,-1.16000338e-01,-3.99168336e-03,1.19992021e-02,7.01903621e-02,-6.36901346e-20,7.01903621e-02,-7.01903621e-02
0.0191,1.40981731e+00,7.19446913e-01,6.90370398e-01,-2.90765150e-01,-1.48736568e-01,-1.42028582e-01,-3.35399311e-03,1.45382575e-02,7.04908655e-02,-6.11562014e-20,7.04908655e-02,-7.04908655e-02
0.0192,1.41510860e+00,7.22555461e-01,6.92553143e-01,-3.00023177e-01,-1.52231009e-01,-1.47792167e-01,-2.21942112e-03,1.50011588e-02,7.07554302e-02,-6.22473510e-20,7.07554302e-02,-7.07554302e-02
0.0193,1.41638068e+00,7.21582117e-01,6.94798564e-01,-2.67835528e-01,-1.34689150e-01,-1.33146378e-01,-7.71385778e-04,1.33917764e-02,7.08190340e-02,-6.72290578e-20,7.08190340e-02,-7.08190340e-02
0.0194,1.41339514e+00,7.16724944e-01,6.96670196e-01,-2.00547481e-01,-9.95123150e-02,-1.01035166e-01,7.61425508e-04,1.00273740e-02,7.06697570e-02,-7.49179965e-20,7.06697570e-02,-7.06697570e-02
0.0195,1.40760294e+00,7.09041191e-01,6.98561746e-01,-1.04794445e-01,-5.02200559e-02,-5.45743893e-02,2.17716669e-03,5.23972226e-03,7.03801469e-02,-8.42035038e-20,7.03801469e-02,-7.03801469e-02
0.0196,1.40277488e+00,7.00881717e-01,7.01893160e-01,1.01144321e-02,8.39356631e-03,1.72086581e-03,3.33635025e-03,-5.05721606e-04,7.01387438e-02,-9.79110360e-20,7.01387438e-02,-7.01387438e-02
0.0197,1.40253771e+00,6.94921258e-01,7.07616456e-01,1.26951980e-01,6.75968277e-02,5.93551525e-02,4.12083761e-03,-6.34759901e-03,7.01268857e-02,-1.08118716e-19,7.01268857e-02,-7.01268857e-02
0.0198,1.40579024e+00,6.91591904e-01,7.14198337e-01,2.26064331e-01,1.17426636e-01,1.08637695e-01,4.39447064e-03,-1.13032165e-02,7.02895121e-02,-1.17140734e-19,7.02895121e-02,-7.02895121e-02
0.0199,1.41158768e+00,6.91207536e-01,7.20380143e-01,2.91726068e-01,1.49900452e-01,1.41825616e-01,4.03741778e-03,-1.45863034e-02,7.05793839e-02,-1.22158650e-19,7.05793839e-02,-7.05793839e-02
0.02,1.41868689e+00,6.93455058e-01,7.25231829e-01,3.17767713e-01,1.61967110e-01,1.55800602e-01,3.08325412e-03,-1.58883856e-02,7.09343443e-02,-1.22624265e-19,7.09343443e-02,-7.09343443e-02
0.0201,1.42111876e+00,6.95441101e-01,7.25677663e-01,3.02365618e-01,1.52892809e-01,1.49472809e-01,1.71000011e-03,-1.51182809e-02,7.10559382e-02,-1.20142276e-19,7.10559382e-02,-7.10559382e-02
0.0202,1.41995269e+00,6.97632820e-01,7.22319875e-01,2.46870557e-01,1.23565815e-01,1.23304742e-01,1.30536380e-04,-1.23435278e-02,7.09976347e-02,-1.13312259e-19,7.09976347e-02,-7.09976347e-02
0.0203,1.41475278e+00,6.99393768e-01,7.15359008e-01,1.59652405e-01,7.84070721e-02,8.12453331e-02,-1.41913049e-03,-7.98262026e-03,7.07376388e-02,-1.04619157e-19,7.07376388e-02,-7.07376388e-02
0.0204,1.40692029e+00,7.00865232e-01,7.06055055e-01,5.18982274e-02,2.32105916e-02,2.86876358e-02,-2.73852210e-03,-2.59491137e-03,7.03460144e-02,-9.36541739e-20,7.03460144e-02,-7.03460144e-02
0.0205,1.40339874e+00,7.05005729e-01,6.98393014e-01,-6.61271450e-02,-3.67681922e-02,-2.93589528e-02,-3.70461967e-03,3.30635725e-03,7.01699371e-02,-8.05443261e-20,7.01699371e-02,-7.01699371e-02
0.0206,1.40535225e+00,7.11432119e-01,6.93920127e-01,-1.75119920e-01,-9.17580951e-02,-8.33618250e-02,-4.19813503e-03,8.75599601e-03,7.02676123e-02,-6.91915848e-20,7.02676123e-02,-7.02676123e-02
0.0207,1.40958054e+00,7.17704595e-01,6.91875941e-01,-2.58286541e-01,-1.33220107e-01,-1.25066433e-01,-4.07683701e-03,1.29143270e-02,7.04790268e-02,-6.25667353e-20,7.04790268e-02,-7.04790268e-02
0.0208,1.41556213e+00,7.22982678e-01,6.92579453e-01,-3.04032256e-01,-1.55347304e-01,-1.48684952e-01,-3.33117597e-03,1.52016128e-02,7.07781066e-02,-6.08103895e-20,7.07781066e-02,-7.07781066e-02
0.0209,1.42060355e+00,7.25609355e-01,6.94994198e-01,-3.06151567e-01,-1.55172864e-01,-1.50978703e-01,-2.09708045e-03,1.53075784e-02,7.10301776e-02,-6.26394730e-20,7.10301776e-02,-7.10301776e-02
0.021,1.42070761e+00,7.23680289e-01,6.97027322e-01,-2.66529670e-01,-1.33841227e-01,-1.32688443e-01,-5.76391884e-04,1.33264835e-02,7.10353806e-02,-6.83089597e-20,7.10353806e-02,-7.10353806e-02
0.0211,1.41681385e+00,7.18014260e-01,6.98799592e-01,-1.92146672e-01,-9.50773324e-02,-9.70693396e-02,9.96003583e-04,9.60733360e-03,7.08406926e-02,-7.66623249e-20,7.08406926e-02,-7.08406926e-02
0.0212,1.41049800e+00,7.09715134e-01,7.00782868e-01,-8.93226648e-02,-4.22429569e-02,-4.70797080e-02,2.41837556e-03,4.46613324e-03,7.05249001e-02,-8.63219784e-20,7.05249001e-02,-7.05249001e-02
0.0213,1.40591977e+00,7.01461749e-01,7.04458025e-01,2.99627632e-02,1.85375723e-02,1.14251909e-02,3.55619067e-03,-1.49813816e-03,7.02959887e-02,-9.98916235e-20,7.02959887e-02,-7.02959887e-02
0.0214,1.40596127e+00,6.95582118e-01,7.10379153e-01,1.47970358e-01,7.82746017e-02,6.96957568e-02,4.28942247e-03,-7.39851792e-03,7.02980636e-02,-1.10138904e-19,7.02980636e-02,-7.02980636e-02
0.0215,1.40985011e+00,6.92717548e-01,7.17132558e-01,2.44150100e-01,1.26547184e-01,1.17602916e-01,4.47213398e-03,-1.22075050e-02,7.04925053e-02,-1.18964717e-19,7.04925053e-02,-7.04925053e-02
0.0216,1.41649305e+00,6.92995167e-01,7.23497881e-01,3.05027140e-01,1.56514400e-01,1.48512740e-01,4.00083028e-03,-1.52513570e-02,7.08246524e-02,-1.23425519e-19,7.08246524e-02,-7.08246524e-02
0.0217,1.42236858e+00,6.94972724e-01,7.27395861e-01,3.24231362e-01,1.65058562e-01,1.59172800e-01,2.94288066e-03,-1.62115681e-02,7.11184292e-02,-1.23419162e-19,7.11184292e-02,-7.11184292e-02
0.0218,1.42456900e+00,6.97237583e-01,7.27331422e-01,3.00938387e-01,1.51958541e-01,1.48979846e-01,1.48934761e-03,-1.50469193e-02,7.12284502e-02,-1.20445460e-19,7.12284502e-02,-7.12284502e-02
0.0219,1.42268515e+00,6.99444362e-01,7.23240791e-01,2.37964291e-01,1.18848312e-01,1.19115979e-01,-1.33833553e-04,-1.18982145e-02,7.11342576e-02,-1.12968617e-19,7.11342576e-02,-7.11342576e-02
0.022,1.41628477e+00,7.00898349e-01,7.15386418e-01,1.44880696e-01,7.07524862e-02,7.41282097e-02,-1.68786177e-03,-7.24403479e-03,7.08142383e-02,-1.03076543e-19,7.08142383e-02,-7.08142383e-02
0.0221,1.40813956e+00,7.02468159e-01,7.05671404e-01,3.20324472e-02,1.30364012e-02,1.89960459e-02,-2.97982235e-03,-1.60162236e-03,7.04069782e-02,-9.16777773e-20,7.04069782e-02,-7.04069782e-02
0.0222,1.40613830e+00,7.07466570e-01,6.98671728e-01,-8.79484202e-02,-4.78650579e-02,-4.00833623e-02,-3.89084784e-03,4.39742101e-03,7.03069149e-02,-7.77102401e-20,7.03069149e-02,-7.03069149e-02
0.0223,1.40801936e+00,7.13739154e-01,6.94280211e-01,-1.94589425e-01,-1.01588546e-01,-9.30008787e-02,-4.29383365e-03,9.72947124e-03,7.04009682e-02,-6.76552998e-20,7.04009682e-02,-7.04009682e-02
0.0224,1.41317365e+00,7.20244172e-01,6.92929474e-01,-2.73146979e-01,-1.40630056e-01,-1.32516923e-01,-4.05656665e-03,1.36573489e-02,7.06586823e-02,-6.16050888e-20,7.06586823e-02,-7.06586823e-02
0.0225,1.41883923e+00,7.25018603e-01,6.93820629e-01,-3.11979742e-01,-1.59190340e-01,-1.52789403e-01,-3.20046844e-03,1.55989871e-02,7.09419616e-02,-6.08607253e-20,7.09419616e-02,-7.09419616e-02
0.0226,1.42308578e+00,7.26855280e-01,6.96230498e-01,-3.06247821e-01,-1.55005403e-01,-1.51242419e-01,-1.88149190e-03,1.53123911e-02,7.11542889e-02,-6.34519760e-20,7.11542889e-02,-7.11542889e-02
0.0227,1.42227328e+00,7.24068816e-01,6.98204467e-01,-2.58643485e-01,-1.29634574e-01,-1.29008911e-01,-3.12831702e-04,1.29321742e-02,7.11136641e-02,-6.96753193e-20,7.11136641e-02,-7.11136641e-02
0.0228,1.41794085e+00,7.17862783e-01,7.00078067e-01,-1.77847162e-01,-8.76572082e-02,-9.01899540e-02,1.26637291e-03,8.89235811e-03,7.08970425e-02,-7.87203252e-20,7.08970425e-02,-7.08970425e-02
0.0229,1.41133451e+00,7.09176507e-01,7.02158007e-01,-7.01849971e-02,-3.24262840e-02,-3.77587130e-02,2.66621450e-03,3.50924985e-03,7.05667257e-02,-8.95115917e-20,7.05667257e-02,-7.05667257e-02
0.023,1.40732982e+00,7.01043321e-01,7.06286503e-01,5.24318198e-02,2.99701779e-02,2.24616419e-02,3.75426796e-03,-2.62159099e-03,7.03664912e-02,-1.02561499e-19,7.03664912e-02,-7.03664912e-02
0.0231,1.40802520e+00,6.95574151e-01,7.12451052e-01,1.68769009e-01,8.87940211e-02,7.99749878e-02,4.40951663e-03,-8.43845044e-03,7.04012601e-02,-1.12608513e-19,7.04012601e-02,-7.04012601e-02
0.0232,1.41257866e+00,6.93247905e-01,7.19330756e-01,2.60828510e-01,1.34892993e-01,1.25935517e-01,4.47873812e-03,-1.30414255e-02,7.06289331e-02,-1.20471306e-19,7.06289331e-02,-7.06289331e-02
0.0233,1.41919042e+00,6.93850506e-01,7.25339910e-01,3.14894038e-01,1.61333491e-01,1.53560547e-01,3.88647173e-03,-1.57447019e-02,7.09595208e-02,-1.24173654e-19,7.09595208e-02,-7.09595208e-02
0.0234,1.42485485e+00,6.96124880e-01,7.28729965e-01,3.26050842e-01,1.65754847e-01,1.60295996e-01,2.72942551e-03,-1.63025421e-02,7.12427423e-02,-1.23485769e-19,7.12427423e-02,-7.12427423e-02
0.0235,1.42626136e+00,6.98385594e-01,7.27875770e-01,2.94901761e-01,1.48663328e-01,1.46238433e-01,1.21244780e-03,-1.47450880e-02,7.13130682e-02,-1.20047324e-19,7.13130682e-02,-7.13130682e-02
0.0236,1.42344237e+00,7.00494566e-01,7.22947804e-01,2.24532375e-01,1.11836043e-01,1.12696332e-01,-4.30144482e-04,-1.12266188e-02,7.11721185e-02,-1.11552712e-19,7.11721185e-02,-7.11721185e-02
0.0237,1.41594268e+00,7.01651053e-01,7.14291629e-01,1.26405762e-01,6.12416315e-02,6.51641307e-02,-1.96124962e-03,-6.32028811e-03,7.07971341e-02,-1.01841774e-19,7.07971341e-02,-7.07971341e-02
0.0238,1.40829397e+00,7.03642724e-01,7.04651246e-01,1.00852256e-02,1.83978364e-03,8.24544198e-03,-3.20282917e-03,-5.04261281e-04,7.04146985e-02,-8.82953917e-20,7.04146985e-02,-7.04146985e-02
0.0239,1.40706884e+00,7.09039842e-01,6.98028994e-01,-1.10108481e-01,-5.90936698e-02,-5.10148112e-02,-4.03942929e-03,5.50542405e-03,7.03534418e-02,-7.51492235e-20,7.03534418e-02,-7.03534418e-02
0.024,1.40971138e+00,7.15523345e-01,6.94188031e-01,-2.13353144e-01,-1.11009958e-01,-1.02343186e-01,-4.33338562e-03,1.06676572e-02,7.04855688e-02,-6.61199973e-20,7.04855688e-02,-7.04855688e-02
0.0241,1.41560073e+00,7.22081564e-01,6.93519167e-01,-2.85623969e-01,-1.46784256e-01,-1.38839714e-01,-3.97227109e-03,1.42811985e-02,7.07800366e-02,-6.08116844e-20,7.07800366e-02,-7.07800366e-02
0.0242,1.42099873e+00,7.26328514e-01,6.94670212e-01,-3.16583021e-01,-1.61300740e-01,-1.55282281e-01,-3.00922953e-03,1.58291511e-02,7.10499363e-02,-6.09535978e-20,7.10499363e-02,-7.10499363e-02
0.0243,1.42468165e+00,7.27465699e-01,6.97215952e-01,-3.02497474e-01,-1.52864996e-01,-1.49632479e-01,-1.61625857e-03,1.51248737e-02,7.12340826e-02,-6.43257504e-20,7.12340826e-02,-7.12340826e-02
0.0244,1.42289613e+00,7.23814254e-01,6.99081875e-01,-2.47323791e-01,-1.23681249e-01,-1.23642543e-01,-1.93529463e-05,1.23661896e-02,7.11448064e-02,-7.09597741e-20,7.11448064e-02,-7.11448064e-02
0.0245,1.41799320e+00,7.17019960e-01,7.00973237e-01,-1.60467226e-01,-7.86855097e-02,-8.17817162e-02,1.54810325e-03,8.02336130e-03,7.08996599e-02,-8.13617452e-20,7.08996599e-02,-7.08996599e-02
0.0246,1.41041167e+00,7.07591839e-01,7.02819834e-01,-4.77200496e-02,-2.09521356e-02,-2.67679139e-02,2.90788915e-03,2.38600248e-03,7.05205836e-02,-9.25185174e-20,7.05205836e-02,-7.05205836e-02
0.0247,1.40797302e+00,7.00185041e-01,7.07787984e-01,7.60294295e-02,4.19459941e-02,3.40834354e-02,3.93127936e-03,-3.80147148e-03,7.03986512e-02,-1.05831128e-19,7.03986512e-02,-7.03986512e-02
0.0248,1.40956853e+00,6.95302767e-01,7.14265765e-01,1.89629979e-01,9.93070751e-02,9.03229040e-02,4.49208554e-03,-9.48149896e-03,7.04784266e-02,-1.14892727e-19,7.04784266e-02,-7.04784266e-02
0.0249,1.41456141e+00,6.93509880e-01,7.21051527e-01,2.75416467e-01,1.42144713e-01,1.33271754e-01,4.43647989e-03,-1.37708234e-02,7.07280703e-02,-1.21632465e-19,7.07280703e-02,-7.07280703e-02
0.025,1.42130863e+00,6.94568873e-01,7.26739756e-01,3.21708832e-01,1.64577695e-01,1.57131137e-01,3.72327882e-03,-1.60854416e-02,7.10654314e-02,-1.24523036e-19,7.10654314e-02,-7.10654314e-02
0.0251,1.42639790e+00,6.96962081e-01,7.29435820e-01,3.24737389e-01,1.64843840e-01,1.59893549e-01,2.47514528e-03,-1.62368694e-02,7.13198951e-02,-1.23336327e-19,7.13198951e-02,-7.13198951e-02
0.0252,1.42731756e+00,6.99387104e-01,7.27930460e-01,2.85433561e-01,1.43625452e-01,1.41808109e-01,9.08671311e-04,-1.42716780e-02,7.13658782e-02,-1.18750668e-19,7.13658782e-02,-7.13658782e-02
0.0253,1.42312686e+00,7.01147184e-01,7.21979676e-01,2.08324925e-01,1.03424804e-01,1.04900121e-01,-7.37658354e-04,-1.04162462e-02,7.11563430e-02,-1.09606626e-19,7.11563430e-02,-7.11563430e-02
0.0254,1.41491312e+00,7.02167433e-01,7.12745688e-01,1.05782552e-01,5.06617441e-02,5.51208082e-02,-2.22953206e-03,-5.28912761e-03,7.07456560e-02,-1.00279142e-19,7.07456560e-02,-7.07456560e-02
0.0255,1.40823556e+00,7.04754125e-01,7.03481439e-01,-1.27268659e-02,-9.77111406e-03,-2.95575181e-03,-3.40768112e-03,6.36343294e-04,7.04117782e-02,-8.63667904e-20,7.04117782e-02,-7.04117782e-02
0.0256,1.40779236e+00,7.10466623e-01,6.97325739e-01,-1.31408845e-01,-6.98614117e-02,-6.15474333e-02,-4.15698923e-03,6.57044225e-03,7.03896181e-02,-7.33293477e-20,7.03896181e-02,-7.03896181e-02
0.0257,1.41130089e+00,7.17180279e-01,6.94120608e-01,-2.30596709e-01,-1.19630183e-01,-1.10966525e-01,-4.33182893e-03,1.15298354e-02,7.05650444e-02,-6.46506143e-20,7.05650444e-02,-7.05650444e-02
0.0258,1.41732338e+00,7.23461012e-01,6.93862366e-01,-2.95986452e-01,-1.51838428e-01,-1.44148024e-01,-3.84520221e-03,1.47993226e-02,7.08661689e-02,-6.02547147e-20,7.08661689e-02,-7.08661689e-02
0.0259,1.42260452e+00,7.27199839e-01,6.95404676e-01,-3.17951637e-01,-1.61756672e-01,-1.56194965e-01,-2.78085373e-03,1.58975819e-02,7.11302257e-02,-6.13495800e-20,7.11302257e-02,-7.11302257e-02
0.026,1.42552131e+00,7.27537485e-01,6.97983825e-01,-2.95536601e-01,-1.49094000e-01,-1.46442601e-01,-1.32569933e-03,1.47768300e-02,7.12760655e-02,-6.53152903e-20,7.12760655e-02,-7.12760655e-02
0.0261,1.42239364e+00,7.22885910e-01,6.99507733e-01,-2.33781768e-01,-1.16603119e-01,-1.17178650e-01,2.87765530e-04,1.16890884e-02,7.11196821e-02,-7.25880122e-20,7.11196821e-02,-7.11196821e-02
0.0262,1.41706170e+00,7.15559102e-01,7.01502600e-01,-1.40565026e-01,-6.84523429e-02,-7.21126829e-02,1.83016999e-03,7.02825129e-03,7.08530851e-02,-8.24534836e-20,7.08530851e-02,-7.08530851e-02
0.0263,1.40982063e+00,7.06127188e-01,7.03693442e-01,-2.43374518e-02,-9.02987710e-03,-1.53075747e-02,3.13884880e-03,1.21687259e-03,7.04910315e-02,-9.48597849e-20,7.04910315e-02,-7.04910315e-02
0.0264,1.40842659e+00,6.99269329e-01,7.09157258e-01,9.88792923e-02,5.35263269e-02,4.53529653e-02,4.08668080e-03,-4.94396461e-03,7.04213293e-02,-1.06060705e-19,7.04213293e-02,-7.04213293e-02
0.0265,1.41092540e+00,6.95010129e-01,7.15915267e-01,2.09051381e-01,1.09068244e-01,9.99831364e-02,4.54255400e-03,-1.04525690e-02,7.05462698e-02,-1.16547439e-19,7.05462698e-02,-7.05462698e-02
0.0266,1.41622304e+00,6.93724931e-01,7.22498110e-01,2.87731788e-01,1.48223223e-01,1.39508565e-01,4.35732893e-03,-1.43865894e-02,7.08111521e-02,-1.22523335e-19,7.08111521e-02,-7.08111521e-02
0.0267,1.42279321e+00,6.95087133e-01,7.27706076e-01,3.26189438e-01,1.66620990e-01,1.59568448e-01,3.52627104e-03,-1.63094719e-02,7.11396604e-02,-1.24563548e-19,7.11396604e-02,-7.11396604e-02
0.0268,1.42732911e+00,6.97612258e-01,7.29716849e-01,3.21045908e-01,1.62720102e-01,1.58325806e-01,2.19714825e-03,-1.60522954e-02,7.13664553e-02,-1.23039635e-19,7.13664553e-02,-7.13664553e-02
0.0269,1.42693887e+00,6.99790048e-01,7.27148818e-01,2.73587710e-01,1.37385448e-01,1.36202262e-01,5.91593006e-04,-1.36793855e-02,7.13469433e-02,-1.17252933e-19,7.13469433e-02,-7.13469433e-02
0.027,1.42243104e+00,7.01698786e-01,7.20732250e-01,1.90334634e-01,9.41218761e-02,9.62127574e-02,-1.04544065e-03,-9.51673168e-03,7.11215518e-02,-1.07500231e-19,7.11215518e-02,-7.11215518e-02
0.0271,1.41346489e+00,7.02547939e-01,7.10916950e-01,8.36901134e-02,3.93571025e-02,4.43330109e-02,-2.48795421e-03,-4.18450567e-03,7.06732445e-02,-9.74857066e-20,7.06732445e-02,-7.06732445e-02
0.0272,1.40794850e+00,7.05805062e-01,7.02143439e-01,-3.66162229e-02,-2.19028573e-02,-1.47133657e-02,-3.59474579e-03,1.83081115e-03,7.03974251e-02,-8.44244079e-20,7.03974251e-02,-7.03974251e-02
0.0273,1.40841305e+00,7.11852504e-01,6.96560542e-01,-1.52919619e-01,-8.07065348e-02,-7.22130837e-02,-4.24672557e-03,7.64598093e-03,7.04206523e-02,-7.14775886e-20,7.04206523e-02,-7.04206523e-02
0.0274,1.41290693e+00,7.18762625e-01,6.94144302e-01,-2.46183230e-01,-1.27386974e-01,-1.18796257e-01,-4.29535859e-03,1.23091615e-02,7.06453463e-02,-6.34954858e-20,7.06453463e-02,-7.06453463e-02
0.0275,1.41860882e+00,7.24507209e-01,6.94101614e-01,-3.04055951e-01,-1.55714364e-01,-1.48341587e-01,-3.68638832e-03,1.52027976e-02,7.09304411e-02,-6.01977960e-20,7.09304411e-02,-7.09304411e-02
0.0276,1.42373274e+00,7.27726785e-01,6.96005951e-01,-3.17208344e-01,-1.61132141e-01,-1.56076203e-01,-2.52796892e-03,1.58604172e-02,7.11866368e-02,-6.19079933e-20,7.11866368e-02,-7.11866368e-02
0.0277,1.42511530e+00,7.26885423e-01,6.98229878e-01,-2.86555455e-01,-1.44298378e-01,-1.42257077e-01,-1.02065066e-03,1.43277727e-02,7.12557650e-02,-6.63453247e-20,7.12557650e-02,-7.12557650e-02
0.0278,1.42217508e+00,7.22002046e-01,7.00173038e-01,-2.18290082e-01,-1.08546534e-01,-1.09743548e-01,5.98506979e-04,1.09145041e-02,7.11087542e-02,-7.43552260e-20,7.11087542e-02,-7.11087542e-02
0.0279,1.41577791e+00,7.13866402e-01,7.01911505e-01,-1.19548967e-01,-5.76678687e-02,-6.18810985e-02,2.10661492e-03,5.97744836e-03,7.07888954e-02,-8.42266089e-20,7.07888954e-02,-7.07888954e-02
0.028,1.40933956e+00,7.04699579e-01,7.04639977e-01,-5.96019593e-04,3.05763909e-03,-3.65365869e-03,3.35564889e-03,2.98009797e-05,7.04669778e-02,-9.83580158e-20,7.04669778e-02,-7.04669778e-02
0.0281,1.40859718e+00,6.98191635e-01,7.10405541e-01,1.22139052e-01,6.52911596e-02,5.68478919e-02,4.22163383e-03,-6.10695258e-03,7.04298588e-02,-1.08009635e-19,7.04298588e-02,-7.04298588e-02
0.0282,1.41187093e+00,6.94559950e-01,7.17310975e-01,2.27510251e-01,1.18319193e-01,1.09191058e-01,4.56406738e-03,-1.13755125e-02,7.05935463e-02,-1.18082401e-19,7.05935463e-02,-7.05935463e-02
0.0283,1.41744903e+00,6.93778991e-01,7.23670037e-01,2.98910455e-01,1.53702947e-01,1.45207508e-01,4.24771942e-03,-1.49455227e-02,7.08724514e-02,-1.23321361e-19,7.08724514e-02,-7.08724514e-02
0.0284,1.42440759e+00,6.95769229e-01,7.28638362e-01,3.28691330e-01,1.67649765e-01,1.61041565e-01,3.30410031e-03,-1.64345665e-02,7.12203795e-02,-1.24671911e-19,7.12203795e-02,-7.12203795e-02
0.0285,1.42751819e+00,6.98005718e-01,7.29512473e-01,3.15067551e-01,1.59436088e-01,1.55631463e-01,1.90231236e-03,-1.57533775e-02,7.13759095e-02,-1.22434039e-19,7.13759095e-02,-7.13759095e-02
0.0286,1.42627548e+00,7.00136784e-01,7.26138693e-01,2.60019090e-01,1.30279881e-01,1.29739210e-01,2.70335540e-04,-1.30009545e-02,7.13137739e-02,-1.15660264e-19,7.13137739e-02,-7.13137739e-02
0.0287,1.42071824e+00,7.01791369e-01,7.18926868e-01,1.71354997e-01,8.43309596e-02,8.70240371e-02,-1.34653874e-03,-8.56774984e-03,7.10359118e-02,-1.06332417e-19,7.10359118e-02,-7.10359118e-02
0.0288,1.41199566e+00,7.02954153e-01,7.09041510e-01,6.08735715e-02,2.77020300e-02,3.31715416e-02,-2.73475580e-03,-3.04367858e-03,7.05997831e-02,-9.53203307e-20,7.05997831e-02,-7.05997831e-02
0.0289,1.40765687e+00,7.06843598e-01,7.00813274e-01,-6.03032406e-02,-3.39144051e-02,-2.63888355e-02,-3.76278481e-03,3.01516203e-03,7.03828436e-02,-8.20171741e-20,7.03828436e-02,-7.03828436e-02
0.029,1.40920649e+00,7.13280258e-01,6.95926231e-01,-1.73540271e-01,-9.10804067e-02,-8.24598646e-02,-4.31027106e-03,8.67701357e-03,7.04603245e-02,-6.96586444e-20,7.04603245e-02,-7.04603245e-02
0.0291,1.41339341e+00,7.19758056e-01,6.93635349e-01,-2.61227066e-01,-1.34843110e-01,-1.26383956e-01,-4.22957720e-03,1.30613533e-02,7.06696703e-02,-6.24381544e-20,7.06696703e-02,-7.06696703e-02
0.0292,1.41973833e+00,7.25382088e-01,6.94356245e-01,-3.10258433e-01,-1.58630629e-01,-1.51627804e-01,-3.50141271e-03,1.55129216e-02,7.09869167e-02,-6.03747701e-20,7.09869167e-02,-7.09869167e-02
0.0293,1.42474626e+00,7.28116809e-01,6.96629454e-01,-3.14873550e-01,-1.59693934e-01,-1.55179616e-01,-2.25715899e-03,1.57436775e-02,7.12373131e-02,-6.25081892e-20,7.12373131e-02,-7.12373131e-02
0.0294,1.42489525e+00,7.26249009e-01,6.98646246e-01,-2.76027635e-01,-1.38722077e-01,-1.37305558e-01,-7.08259203e-04,1.38013818e-02,7.12447627e-02,-6.77731388e-20,7.12447627e-02,-7.12447627e-02
0.0295,1.42079406e+00,7.20472035e-01,7.00322024e-01,-2.01500116e-01,-9.98438085e-02,-1.01656308e-01,9.06249595e-04,1.00750058e-02,7.10397029e-02,-7.61911066e-20,7.10397029e-02,-7.10397029e-02
0.0296,1.41407367e+00,7.11910180e-01,7.02163489e-01,-9.74669070e-02,-4.63579778e-02,-5.11089292e-02,2.37547570e-03,4.87334535e-03,7.07036835e-02,-8.61027835e-20,7.07036835e-02,-7.07036835e-02
0.0297,1.40888026e+00,7.03252915e-01,7.05627348e-01,2.37443365e-02,1.54317659e-02,8.31257055e-03,3.55959769e-03,-1.18721682e-03,7.04440131e-02,-9.98816519e-20,7.04440131e-02,-7.04440131e-02
0.0298,1.40897476e+00,6.97247201e-01,7.11727559e-01,1.44803587e-01,7.67379128e-02,6.80656743e-02,4.33611926e-03,-7.24017936e-03,7.04487380e-02,-1.10056691e-19,7.04487380e-02,-7.04487380e-02
0.0299,1.41247509e+00,6.94017766e-01,7.18457321e-01,2.44395549e-01,1.26755613e-01,1.17639936e-01,4.55783842e-03,-1.22197774e-02,7.06237544e-02,-1.19415098e-19,7.06237544e-02,-7.06237544e-02
0.03,1.41896314e+00,6.94078757e-01,7.24884384e-01,3.08056265e-01,1.58139665e-01,1.49916599e-01,4.11153302e-03,-1.54028132e-02,7.09481570e-02,-1.23948795e-19,7.09481570e-02,-7.09481570e-02
